缺陷编号,工卡描述中文,工卡描述英文,相关工卡号,相关工卡序号,区域,区域号,候选工卡,工卡描述,工卡描述已开工卡号,参考手册,候选工卡描述英文,候选工卡描述中文,已开工卡号,Candidate Workcard Description (English),Candidate Workcard Description (Chinese)
DEF-1,,LH 2# DOOR FWD STOWAGE LOWER DOOR LATCH WORN.,客户要求/CUSTOMER REQUIREMENT,1,机上,200,,,,CMM25-25-02.REV.1,,,,,
DEF-2,,LH 2# DOOR FWD STOWAGE UPPER DOOR LOOSE.,客户要求/CUSTOMER REQUIREMENT,1,机上,200,,,,CMM25-25-02.REV.1,,,,,
DEF-3,,LH 2# DOOR FWD STOWAGE EDGE VERTICAL TRIM BROKEN.,客户要求/CUSTOMER REQUIREMENT,1,机上,200,,,,CMM25-25-02.REV.1,,,,,
DEF-4,,CABIN GALLEY OVEN MOUTING SCREWS STRIPPED.,客户要求/CUSTOMER REQUIREMENT,1,机上,200,500007583813.0,,,CMM25-25-02.REV.1,,,,"CABIN GALLEY OVEN INSTALLATION SCREWS STRIPPED,QTY:50EA",
DEF-5,,"CABIN GALLEY TROLLEY DOOR INSTALLATION SCREWS AND WASHERS MISSING,QTY:50EA.",客户要求/CUSTOMER REQUIREMENT,1,机上,200,500007585209.0,,,CMM25-25-02.REV.1,,,,"CABIN GALLEY TROLLEY DOOR INSTALLATION SCREWS AND WASHERS MISSING,QTY:50EA",
DEF-6,,"GALLEY A1 WORK SURFACE DOOR WALLPAPER WORN,LOC:A122 A123 A124 A125 A126 A127 A108 A117 A110 A111",客户要求/CUSTOMER REQUIREMENT,1,机上,200,500007860510.0,,,CMM25-25-02.REV.1,,,,"GALLEY A1 WORK SURFACE DOOR WALLPAPER WORN,LOC:A108 A110 A111 A117 A122 A123 A124 A125 A126 A127",
DEF-7,,"GALLEY A2 WORK SURFACE DOOR WALLPAPER WORN,LOC:A220 A221 A222 A223 A224 A204 A207 A213 A214 A215 A216",客户要求/CUSTOMER REQUIREMENT,1,机上,200,500007578690.0,,,CMM25-25-02.REV.1,,,,"GALLEY A2 WORK SURFACE DOOR WALLPAPER WORN,LOC:A220 A221 A222 A223 A224 A204 A207 A213 A214 A215 A216",
DEF-8,,"GALLEY A3 WORK SURFACE DOOR WALLPAPER WORN,LOC:A320 A321 A322 A303 A304 A315",客户要求/CUSTOMER REQUIREMENT,1,机上,200,500007578691.0,,,CMM25-25-02.REV.1,,,,"GALLEY A3 WORK SURFACE DOOR WALLPAPER WORN,LOC:A320 A321 A322 A303 A304 A315",
DEF-9,,GALLEY M5 WORK FACE LH SIDE WALLPAPER WORN.,客户要求/CUSTOMER REQUIREMENT,1,机上,200,500007634851.0,,,CMM25-25-02.REV.1,,,,"GALLEY WORK FACE WALLPAPER WORN,LOC:M5",
DEF-10,,GALLEY M5 WORK FACE RH SIDE WALLPAPER WORN.,客户要求/CUSTOMER REQUIREMENT,1,机上,200,500007634851.0,,,CMM25-25-02.REV.1,,,,"GALLEY WORK FACE WALLPAPER WORN,LOC:M5",
DEF-11,,GALLEY M5 WORK FACE TOP SIDE WALLPAPER WORN.,客户要求/CUSTOMER REQUIREMENT,1,机上,200,500007634851.0,,,CMM25-25-02.REV.1,,,,"GALLEY WORK FACE WALLPAPER WORN,LOC:M5",
DEF-12,,GALLEY M7 WORK FACE LH WALLPAPER WORN.,客户要求/CUSTOMER REQUIREMENT,1,机上,200,500007634852.0,,,CMM25-25-02.REV.1,,,,"GALLEY WORK FACE WALLPAPER WORN,LOC:M7",
DEF-13,,GALLEY M7 WORK FACE RH WALLPAPER WORN.,客户要求/CUSTOMER REQUIREMENT,1,机上,200,500007634852.0,,,CMM25-25-02.REV.1,,,,"GALLEY WORK FACE WALLPAPER WORN,LOC:M7",
DEF-14,,GALLEY M7 WORK FACE TOP WALLPAPER WORN.,客户要求/CUSTOMER REQUIREMENT,1,机上,200,500007634852.0,,,CMM25-25-02.REV.1,,,,"GALLEY WORK FACE WALLPAPER WORN,LOC:M7",
DEF-15,,GALLEY M7 LH AISLE SURFACE WALLPAPER WORN.,客户要求/CUSTOMER REQUIREMENT,1,机上,200,500007582708.0,,,CMM25-25-02.REV.1,,,,GALLEY M7 LH AISLE SURFACE WALLPAPER SCRATCHED,
DEF-16,,GALLEY M7 RH AISLE SURFACE WALLPAPER WORN.,客户要求/CUSTOMER REQUIREMENT,1,机上,200,500007582708.0,,,CMM25-25-02.REV.1,,,,GALLEY M7 LH AISLE SURFACE WALLPAPER SCRATCHED,
DEF-17,,GALLEY A1 WORK FACE LH WALLPAPER WORN.,客户要求/CUSTOMER REQUIREMENT,1,机上,200,500007860486.0,,,CMM25-25-02.REV.1,,,,"GALLEY WORK FACE WALLPAPER WORN,LOC:A1 A2 A3",
DEF-18,,GALLEY A1 WORK FACE RH WALLPAPER WORN.,客户要求/CUSTOMER REQUIREMENT,1,机上,200,500007860486.0,,,CMM25-25-02.REV.1,,,,"GALLEY WORK FACE WALLPAPER WORN,LOC:A1 A2 A3",
DEF-19,,GALLEY A1 WORK FACE TOP WALLPAPER WORN.,客户要求/CUSTOMER REQUIREMENT,1,机上,200,500007860486.0,,,CMM25-25-02.REV.1,,,,"GALLEY WORK FACE WALLPAPER WORN,LOC:A1 A2 A3",
DEF-20,,GALLEY A2 WORK FACE LH WALLPAPER WORN.,客户要求/CUSTOMER REQUIREMENT,1,机上,200,500007860486.0,,,CMM25-25-02.REV.1,,,,"GALLEY WORK FACE WALLPAPER WORN,LOC:A1 A2 A3",
DEF-21,,GALLEY A2 WORK FACE RH WALLPAPER WORN.,客户要求/CUSTOMER REQUIREMENT,1,机上,200,500007860486.0,,,CMM25-25-02.REV.1,,,,"GALLEY WORK FACE WALLPAPER WORN,LOC:A1 A2 A3",
DEF-22,,GALLEY A2 WORK FACE TOP WALLPAPER WORN.,客户要求/CUSTOMER REQUIREMENT,1,机上,200,500007860486.0,,,CMM25-25-02.REV.1,,,,"GALLEY WORK FACE WALLPAPER WORN,LOC:A1 A2 A3",
DEF-23,,GALLEY A3 WORK FACE LH WALLPAPER WORN.,客户要求/CUSTOMER REQUIREMENT,1,机上,200,500007860486.0,,,CMM25-25-02.REV.1,,,,"GALLEY WORK FACE WALLPAPER WORN,LOC:A1 A2 A3",
DEF-24,,GALLEY A3 WORK FACE RH WALLPAPER WORN.,客户要求/CUSTOMER REQUIREMENT,1,机上,200,500007860486.0,,,CMM25-25-02.REV.1,,,,"GALLEY WORK FACE WALLPAPER WORN,LOC:A1 A2 A3",
DEF-25,,GALLEY A3 WORK FACE TOP WALLPAPER WORN.,客户要求/CUSTOMER REQUIREMENT,1,机上,200,500007860486.0,,,CMM25-25-02.REV.1,,,,"GALLEY WORK FACE WALLPAPER WORN,LOC:A1 A2 A3",
DEF-26,,GALLEY A3 LH AISLE FACE WALLPAPER WORN.,客户要求/CUSTOMER REQUIREMENT,1,机上,200,500007860486.0,,,CMM25-25-02.REV.1,,,,"GALLEY WORK FACE WALLPAPER WORN,LOC:A1 A2 A3",
DEF-27,,RH 4# DOOR FWD STOWAGE EDGE VERTICAL TRIM BROKEN.,客户要求/CUSTOMER REQUIREMENT,1,机上,200,,,,CMM25-25-02.REV.1,,,,,
DEF-28,,RH 2# DOOR FWD STOWAGE EDGE VERTICAL TRIM BROKEN.,客户要求/CUSTOMER REQUIREMENT,1,机上,200,,,,CMM25-25-02.REV.1,,,,,
DEF-29,,GALLEY F3 AFT WALL FOLDING DOWN TABLE EDGE TRIM BROKEN.,客户要求/CUSTOMER REQUIREMENT,1,机上,200,,,,CMM25-25-02.REV.1,,,,,
DEF-30,,"GALLEY F2 TROLLEY DOOR FOLDING TABLE LOWER SEAL MISSING,LOC:F219",客户要求/CUSTOMER REQUIREMENT,1,机上,200,500007349057.0,,,CMM25-25-02.REV.1,,,,GALLEY F2 TROLLEY F219 DOOR INNER LOWER METAL PANEL SCREW MISSING.QTY:1EA,
DEF-31,,"GALLEY F2 TROLLEY DOOR FOLDING TABLE MAGNETIC PLATE MISSING,LOC:A219",客户要求/CUSTOMER REQUIREMENT,1,机上,200,,,,CMM25-25-02.REV.1,,,,,
DEF-32,,"GALLEY F2 FOLDING TABLE WHITE BUMPER WORN,LOC:F219",客户要求/CUSTOMER REQUIREMENT,1,机上,200,,,,CMM25-25-02.REV.1,,,,,
DEF-33,,"GALLEY F2 TROLLEY DOOR HINGE COVER MOUTING SCREW MISSING,LOC:F220,F219,QTY:10EA.",客户要求/CUSTOMER REQUIREMENT,1,机上,200,500007541410.0,,,CMM25-25-02.REV.1,,,,"GALLEY COMPARTMENT DOOR SCREW MISSING,QTY:50EA",
DEF-34,,CABIN FWD BAR LH SIDE LOWER TROLLEY BAY DOOR INNER FACE WALLPAPER WORN.,客户要求/CUSTOMER REQUIREMENT,1,机上,200,,,,CMM25-25-02.REV.1,,,,,
DEF-35,,CABIN FWD BAR FWD DOOR LATCH PAINT PEELED OFF.,客户要求/CUSTOMER REQUIREMENT,1,机上,200,500007876634.0,,,CMM25-25-02.REV.1,,,,CABIN 1# DOOR BAR LH SIDE UPPER COAT BAY DOORFRAME TRIM PAINT PEELED OFF.,
DEF-36,,"CABIN FWD BAR RH SIDE  FWD DOOR SURFACE WALLPAPER WORN,QTY:2EA.",客户要求/CUSTOMER REQUIREMENT,1,机上,200,500007657617.0,,,CMM25-25-02.REV.1,,,,CABIN M1 RH SIDE PANEL SURFACE WORN,
DEF-37,,"CABIN FWD BAR LH/RH SIDE COAT BAY AND TROLLEY BAY DOOR LATCH WORN,QTY:4EA.",客户要求/CUSTOMER REQUIREMENT,1,机上,200,,,,CMM25-25-02.REV.1,,,,,
DEF-38,,GALLEY M2 WORKTOP DENTED.,客户要求/CUSTOMER REQUIREMENT,1,机上,200,,,,CMM25-25-02.REV.1,,,,,
DEF-39,,GALLEY M2 WORKTOP AROUND EDGE TRIM DENT.,客户要求/CUSTOMER REQUIREMENT,1,机上,200,,,,CMM25-25-02.REV.1,,,,,
DEF-40,,GALLEY M1 RH SIDE WALL PANEL SURFCE WALLPAPER WORN.,客户要求/CUSTOMER REQUIREMENT,1,机上,200,500007874641.0,,,CMM25-25-02.REV.1,,,,GALLEY M1 RH SIDE WALL PANEL SURFACE WALLPAPER BROKEN.,
DEF-41,,GALLEY M1 WORKTOP DENT.,客户要求/CUSTOMER REQUIREMENT,1,机上,200,,,,CMM25-25-02.REV.1,,,,,
DEF-42,,"GALLEY F3 AFT WALL SURFACE WALLPAPER WORN,REMARK:FOLD DOWN TABLE AREA.",客户要求/CUSTOMER REQUIREMENT,1,机上,200,500007874316.0,,,CMM25-25-02.REV.1,,,,GALLEY M2 AFT WALL PANEL SURFACE VASE SCREW AND WASHER WORN.,
DEF-43,,GALLEY F3 WORKTOP DENT.,客户要求/CUSTOMER REQUIREMENT,1,机上,200,500007344001.0,,,CMM25-25-02.REV.1,,,,ABOVE F3 GALLEY WORKTOP WALLPAPER FOUND DENT,
DEF-44,,GALLEY F3 COMPARTMENT F305 INNER FACE SCRATCHED.,客户要求/CUSTOMER REQUIREMENT,1,机上,200,,,,CMM25-25-02.REV.1,,,,,
DEF-45,,"GALLEY F3 COMPARTMENT DOOR F305 BUMPER MISSING,QTY:1EA.",客户要求/CUSTOMER REQUIREMENT,1,机上,200,500007348554.0,,,CMM25-25-02.REV.1,,,,GALLEY F3 COMPARTMENT F305 DOOR MANUAL LOCK SCREW MISSING.QTY:1EA,
DEF-46,,GALLEY F2 LH WALL PANEL EDGE VERTICAL TRIM SCRATCHED.,客户要求/CUSTOMER REQUIREMENT,1,机上,200,,,,CMM25-25-02.REV.1,,,,,
DEF-47,,GALLEY F2 WORKTOP DENT.,客户要求/CUSTOMER REQUIREMENT,1,机上,200,,,,CMM25-25-02.REV.1,,,,,
DEF-48,,GALLEY F2 WORKING LIGHT BOX METAL COVER BROKEN.,客户要求/CUSTOMER REQUIREMENT,1,机上,200,,,,CMM25-25-02.REV.1,,,,,
DEF-49,,"GALLEY F2 COMPARTMENT TEE GUIDE BROKEN,QTY:2EA.",客户要求/CUSTOMER REQUIREMENT,1,机上,200,,,,CMM25-25-02.REV.1,,,,,
DEF-50,,"GALLEY F2 FOLDING TABLE HINGE BLOCK SUPPORT BROKEN,LOC:F219",客户要求/CUSTOMER REQUIREMENT,1,机上,200,,,,CMM25-25-02.REV.1,,,,,
DEF-51,,"GALLEY F2 COMPARTMENT DOOR F219,F220 TOP SEAL BROKEN.",客户要求/CUSTOMER REQUIREMENT,1,机上,200,,,,CMM25-25-02.REV.1,,,,,
DEF-52,,GALLEY F2 COMPARTMENT DRAWER F221 STRUCTURE PLATE BROKEN.,客户要求/CUSTOMER REQUIREMENT,1,机上,200,,,,CMM25-25-02.REV.1,,,,,
DEF-53,,GALLEY F2 COMPARTMENT F221 DRAWER DOOR RAIL BROKEN.,客户要求/CUSTOMER REQUIREMENT,1,机上,200,,,,CMM25-25-02.REV.1,,,,,
DEF-54,,GALLEY F2 COMPARTMENT DOOR F219 F220 INNER FACE DENT.,客户要求/CUSTOMER REQUIREMENT,1,机上,200,,,,CMM25-25-02.REV.1,,,,,
DEF-55,,"CABIN GALLEY F2 ESPRESSO MAKER SPOUT BROKEN,LOC:F213,QTY:1EA.",客户要求/CUSTOMER REQUIREMENT,1,机上,200,,,,CMM25-25-02.REV.1,,,,,
DEF-56,,"GALLEY COMPARTMENT DOOR MIRROR SCRATCHED,LOC:F211",客户要求/CUSTOMER REQUIREMENT,1,机上,200,500007874753.0,,,CMM25-25-02.REV.1,,,,"GALLEY COMPARTMENT DOOR SURFACE MIRROR SCRATCHED,LOC:F211 M209 M213 M514 A315 A108 A214",
DEF-57,,"GALLEY F2 COMPARTMENT DOOR SURFACE WALLPAPER WORN,LOC:F211,F219,F220,F221B,F215,F222,QTY:6EA.",客户要求/CUSTOMER REQUIREMENT,1,机上,200,500007578683.0,,,CMM25-25-02.REV.1,,,,"GALLEY F1 F2,F3 WORK SURFACE DOOR WALLPAPER WORN，LOC:F104 F109 F110 F113 F114 F203 F222 F215 F211 F219 F220 F221A F221B F305",
DEF-58,,"GALLEY F1 LWR AIR GRILL LH METAL STRIP BROKEN,LOC:115A",客户要求/CUSTOMER REQUIREMENT,1,机上,200,,,,CMM25-25-02.REV.1,,,,,
DEF-59,,GALLEY F1 COMPARTMENT DOOR F110 RH SIDE WALL BUMPER MISSNG.,客户要求/CUSTOMER REQUIREMENT,1,机上,200,,,,CMM25-25-02.REV.1,,,,,
DEF-60,,"GALLEY F1 WORKTABLE JAMMED,LOC:F112",客户要求/CUSTOMER REQUIREMENT,1,机上,200,,,,CMM25-25-02.REV.1,,,,,
DEF-61,,"GALLEY F1 OVEN MOUTING ACCESS PLATE LOOSE,QTY:4EA.",客户要求/CUSTOMER REQUIREMENT,1,机上,200,,,,CMM25-25-02.REV.1,,,,,
DEF-62,,GALLEY F1 LOWER COMPARTMENT F113 FOOT STEP WORN.,客户要求/CUSTOMER REQUIREMENT,1,机上,200,500007867651.0,,,CMM25-25-02.REV.1,,,,GALLEY F1 LOWER UNIT FOOT STEP WORN.,
DEF-63,,GALLEY F1 LWR AIR GRILL AROUND WALLPAPER WORN.,客户要求/CUSTOMER REQUIREMENT,1,机上,200,,,,CMM25-25-02.REV.1,,,,,
DEF-64,,"GALLEY F1 LWR AIR GRILL RH METAL STRIP MISSING,LOC:115A",客户要求/CUSTOMER REQUIREMENT,1,机上,200,500007288877.0,,,CMM25-25-02.REV.1,,,,"GALLEY F1 RH LOWER METAL STRIP MISSING,QTY:1EA",
DEF-65,,GALLEY F1 WORKTOP DENTED.,客户要求/CUSTOMER REQUIREMENT,1,机上,200,500007579409.0,,,CMM25-25-02.REV.1,,,,C646 CLP681417/23:F1 GALLEY WORKTOP DENTED.,
DEF-66,,"GALLEY F1 WORKTOP LOWER AREA BRUSH SEAL  BROKEN,LOC:F113,F114",客户要求/CUSTOMER REQUIREMENT,1,机上,200,500007641481.0,,,CMM25-25-02.REV.1,,,,GALLEY WORKTOP LWR AREA BRUSH SEAL AND RUBBER SHEET BROKEN  LOC:F1/2/3 M5/7 A/1/2/3,
DEF-67,,GALLEY F1 COMPARTMENT DOOR F109 METAL PLACARD FOUND DENT.,客户要求/CUSTOMER REQUIREMENT,1,机上,200,,,,CMM25-25-02.REV.1,,,,,
DEF-68,,"GALLEY F1 COMPARTMENT TEE GUIDE BROKEN,LOC:F101,F102,QTY:2EA.",客户要求/CUSTOMER REQUIREMENT,1,机上,200,,,,CMM25-25-02.REV.1,,,,,
DEF-69,,"GALLEY F1 COMPARTMENT F101A,F102A RETRIEVER WHITE WASHERS AND SCREWS WORN.",客户要求/CUSTOMER REQUIREMENT,1,机上,200,,,,CMM25-25-02.REV.1,,,,,
DEF-70,,GALLEY F1 TROLLEY DOOR F113 HINGE P-SEAL BROKEN.,客户要求/CUSTOMER REQUIREMENT,1,机上,200,500007355707.0,,,CMM25-25-02.REV.1,,,,GALLEY A123 DOOR HINGE EXTRUSION BROKEN,
DEF-71,,"GALLEY F1 TROLLEY DOOR F113,F114 SURFACE BUMPER STRIP WORN,QTY:2EA.",客户要求/CUSTOMER REQUIREMENT,1,机上,200,500007524902.0,,,CMM25-25-02.REV.1,,,,GALLEY TROLLEY DOOR BUMPER WORN,
DEF-72,,"GALLEY F1 COMPARTMENT DOOR F113,F114,F108 SURFACE WALLPAPER WORN.",客户要求/CUSTOMER REQUIREMENT,1,机上,200,500007578683.0,,,CMM25-25-02.REV.1,,,,"GALLEY F1 F2,F3 WORK SURFACE DOOR WALLPAPER WORN，LOC:F104 F109 F110 F113 F114 F203 F222 F215 F211 F219 F220 F221A F221B F305",
DEF-73,,GALLEY F1 F2 TROLLEY DOOR MOUTING SCREW AND WASHER MISSING.,客户要求/CUSTOMER REQUIREMENT,1,机上,200,500007351484.0,,,CMM25-25-02.REV.1,,,,GALLEY TROLLEY DOOR HINGE SCREW AND WASHER MISSING QTY:116EA,
DEF-74,,"GALLEY F1,F2,F3 TOP STRAIGHT SEAL AGING.",客户要求/CUSTOMER REQUIREMENT,1,机上,200,,,,CMM25-25-02.REV.1,,,,,
DEF-75,,CABIN FWD BAR LH/RH SIDE VERTICAL TRIM WORN.,客户要求/CUSTOMER REQUIREMENT,1,机上,200,,,,CMM25-25-02.REV.1,,,,,
DEF-76,,CABIN FWD BAR UPPER UNIT LH SIDE PANEL SURFACE WALLPAPER WORN.,客户要求/CUSTOMER REQUIREMENT,1,机上,200,500007876628.0,,,CMM25-25-02.REV.1,,,,CABIN FWD ZONE BAR LH SIDE UPPER COAT BAY DOOR SURFACE WALLPAPER BROKEN.,
DEF-77,,"CLose and Secure all Doors
Secure all Loose items on
Counter and Centre Display
Shelves for Taxi, Takeoff,
Turbulence and ianding",客户要求/CUSTOMER REQUIREMENT,1,机上,200,,,,CMM25-25-02.REV.1,,,,,
DEF-78,,CABIN FWD BAR UPPER UNIT RH SIDE DECOR PANEL SURFACE WALLPAPER WORN.,客户要求/CUSTOMER REQUIREMENT,1,机上,200,500007657617.0,,,CMM25-25-02.REV.1,,,,CABIN M1 RH SIDE PANEL SURFACE WORN,
DEF-79,,CABIN FWD BAR UPPER CEILING PANEL SURFACE SCATCHED.,客户要求/CUSTOMER REQUIREMENT,1,机上,200,,,,CMM25-25-02.REV.1,,,,,
DEF-80,,CABIN FWD BAR COMPARTMENT INNER FACE SCRATCHED.,客户要求/CUSTOMER REQUIREMENT,1,机上,200,500007876653.0,,,CMM25-25-02.REV.1,,,,CABIN 1# DOOR BAR COMPARTMENT INNER FACE SCRATCHED.,
DEF-81,,CABIN FWD BAR LOWER UNIT LH/RH SIDE CORNER DECOR PANEL SURFACE WALLPAPER WORN.,客户要求/CUSTOMER REQUIREMENT,1,机上,200,500007657617.0,,,CMM25-25-02.REV.1,,,,CABIN M1 RH SIDE PANEL SURFACE WORN,
DEF-82,,CABIN FWD BAR LH/RH FACE UPPER AND LOWER CABINET DOOR HINGE SPRING BROKEN.,客户要求/CUSTOMER REQUIREMENT,1,机上,200,500007874922.0,,,CMM25-25-02.REV.1,,,,CABIN FWD BAR LH/RH FACE UPPER AND LOWER CABINET DOOR HINGE SPRING BROKEN.,
DEF-83,,"CABIN FWD BAR ""NS/FSB"" SIGN LENS WORN.",客户要求/CUSTOMER REQUIREMENT,1,机上,200,,,,CMM25-25-02.REV.1,,,,,
DEF-84,,GALLEY F2 COMPARTMENT DOORFRAME EDGE TRIM SCREW AND WASHER MISSING.,客户要求/CUSTOMER REQUIREMENT,1,机上,200,,,,CMM25-25-02.REV.1,,,,,
DEF-85,,GALLEY F1 WORK FACE LH WALLPAPER WORN.,客户要求/CUSTOMER REQUIREMENT,1,机上,200,500007860488.0,,,CMM25-25-02.REV.1,,,,"GALLEY WORK FACE WALLPAPER WORN,LOC:F1 F2 F3",
DEF-86,,GALLEY F1 WORK FACE RH WALLPAPER WORN.,客户要求/CUSTOMER REQUIREMENT,1,机上,200,500007860488.0,,,CMM25-25-02.REV.1,,,,"GALLEY WORK FACE WALLPAPER WORN,LOC:F1 F2 F3",
DEF-87,,GALLEY F1 WORK FACE TOP WALLPAPER WORN.,客户要求/CUSTOMER REQUIREMENT,1,机上,200,500007860488.0,,,CMM25-25-02.REV.1,,,,"GALLEY WORK FACE WALLPAPER WORN,LOC:F1 F2 F3",
DEF-88,,"GALLEY F1 COMPARTMENT F101,F102,F103 SIDE WALLPAPER WORN.",客户要求/CUSTOMER REQUIREMENT,1,机上,200,,,,CMM25-25-02.REV.1,,,,,
DEF-89,,"GALLEY F2 WORK FACE FWD WALLPAPER WORN,LOC:F221,F221B",客户要求/CUSTOMER REQUIREMENT,1,机上,200,500007578683.0,,,CMM25-25-02.REV.1,,,,"GALLEY F1 F2,F3 WORK SURFACE DOOR WALLPAPER WORN，LOC:F104 F109 F110 F113 F114 F203 F222 F215 F211 F219 F220 F221A F221B F305",
DEF-90,,GALLEY F2 WORK FACE LH WALLPAPER WORN.,客户要求/CUSTOMER REQUIREMENT,1,机上,200,500007860488.0,,,CMM25-25-02.REV.1,,,,"GALLEY WORK FACE WALLPAPER WORN,LOC:F1 F2 F3",
DEF-91,,GALLEY F2 WORK FACE TOP WALLPAPER WORN.,客户要求/CUSTOMER REQUIREMENT,1,机上,200,500007860488.0,,,CMM25-25-02.REV.1,,,,"GALLEY WORK FACE WALLPAPER WORN,LOC:F1 F2 F3",
DEF-92,,GALLEY F3 WORK FACE FWD WALLPAPER WORN.,客户要求/CUSTOMER REQUIREMENT,1,机上,200,500007860488.0,,,CMM25-25-02.REV.1,,,,"GALLEY WORK FACE WALLPAPER WORN,LOC:F1 F2 F3",
DEF-93,,GALLEY M1 WORK FACE LH WALLPAPER WORN.,客户要求/CUSTOMER REQUIREMENT,1,机上,200,500007524884.0,,,CMM25-25-02.REV.1,,,,"GALLEY M7 WORK SURFACE DOOR WALLPAPER WORN,LOC:M707,M709,M715,M712,M713,M713-LH,M716,M717,M718,M719,M720",
DEF-94,,GALLEY M1 WORK FACE RH WALLPAPER WORN.,客户要求/CUSTOMER REQUIREMENT,1,机上,200,500007860485.0,,,CMM25-25-02.REV.1,,,,"GALLEY WORK FACE WALLPAPER WORN,LOC:M2",
DEF-95,,GALLEY M1 WORK FACE TOP WALLPAPER WORN.,客户要求/CUSTOMER REQUIREMENT,1,机上,200,500007860485.0,,,CMM25-25-02.REV.1,,,,"GALLEY WORK FACE WALLPAPER WORN,LOC:M2",
DEF-96,,GALLEY M3 WORK FACE FWD WALLPAPER WORN.,客户要求/CUSTOMER REQUIREMENT,1,机上,200,500007860485.0,,,CMM25-25-02.REV.1,,,,"GALLEY WORK FACE WALLPAPER WORN,LOC:M2",
DEF-97,,GALLEY M2 WORK FACE LH WALLPAPER WORN.,客户要求/CUSTOMER REQUIREMENT,1,机上,200,500007860485.0,,,CMM25-25-02.REV.1,,,,"GALLEY WORK FACE WALLPAPER WORN,LOC:M2",
DEF-98,,GALLEY M2 WORK FACE RH WALLPAPER WORN.,客户要求/CUSTOMER REQUIREMENT,1,机上,200,500007860485.0,,,CMM25-25-02.REV.1,,,,"GALLEY WORK FACE WALLPAPER WORN,LOC:M2",
DEF-99,,GALLEY M2 AFT WALL PANEL WALLPAPER WORN.,客户要求/CUSTOMER REQUIREMENT,1,机上,200,500007874316.0,,,CMM25-25-02.REV.1,,,,GALLEY M2 AFT WALL PANEL SURFACE VASE SCREW AND WASHER WORN.,
DEF-100,,"CABIN LH CLASS DIVIDER REAR SURFACE WALLPAPER WORN,REMARK:17ABC FWD",客户要求/CUSTOMER REQUIREMENT,1,机上,200,,,,CMM25-25-02.REV.1,,,,,
DEF-101,,"CABIN MIDDLE CLASS DIVIDER REAR SURFACE WALLPAPER WORN,REMARK:17DEFG FWD",客户要求/CUSTOMER REQUIREMENT,1,机上,200,,,,CMM25-25-02.REV.1,,,,,
DEF-102,,"CABIN RH CLASS DIVIDER REAR SURFACE WALLPAPER WORN,REMARK:17HJK FWD",客户要求/CUSTOMER REQUIREMENT,1,机上,200,,,,CMM25-25-02.REV.1,,,,,
DEF-103,,"CABIN RH 2# DOOR FWD STOWAGE COMPARTMENT DOOR MS101,MS111 SURFACE WALLPAPER WORN.",客户要求/CUSTOMER REQUIREMENT,1,机上,200,500007874494.0,,,CMM25-25-02.REV.1,,,,CABIN LH 2# DOOR FWD STOWAGE UPPER DOOR LATCH WORN.,
DEF-104,,LATCH CLOSED WHEN NOT IN USE,客户要求/CUSTOMER REQUIREMENT,1,机上,200,,,,CMM25-25-02.REV.1,,,,,
DEF-105,,CABIN RH 4# DOOR FWD STOWAGE MS5 AFT WALL SURFACE WALLPAPER WORN.,客户要求/CUSTOMER REQUIREMENT,1,机上,200,,,,CMM25-25-02.REV.1,,,,,
DEF-106,,CABIN RH 4# DOOR FWD STOWAGE COMPARTMENT DOOR MS511 EDGE TRIM LOOSE.,客户要求/CUSTOMER REQUIREMENT,1,机上,200,500007867606.0,,,CMM25-25-02.REV.1,,,,CABIN RH 2# DOOR FWD STOWAGE DOOR MS101 EDGE TRIM LOOSE.,
DEF-107,,"CABIN RH 4# DOOR FWD STOWAGE COMPARTMENT DOOR MS501,MS511 LATCH FAILED.",客户要求/CUSTOMER REQUIREMENT,1,机上,200,,,,CMM25-25-02.REV.1,,,,,
DEF-108,,CABIN RH 2# DOOR FWD STOWAGE COMPARTMENT DOOR MS111 LATCH FAILED.,客户要求/CUSTOMER REQUIREMENT,1,机上,200,500007867446.0,,,CMM25-25-02.REV.1,,,,CABIN RH 2# DOOR FWD STOWAGE COMPARTMENT MS102 DOORFRAME TRIM MISSING.,
DEF-109,,CABIN RH 2# DOOR FWD STOWAGE COMPARTMENT DOOR MS101 LATCH SCREW MISSING.,客户要求/CUSTOMER REQUIREMENT,1,机上,200,500007867446.0,,,CMM25-25-02.REV.1,,,,CABIN RH 2# DOOR FWD STOWAGE COMPARTMENT MS102 DOORFRAME TRIM MISSING.,
DEF-110,,CABIN RH 2# DOOR FWD STOWAGE COMPARTMENT DOOR MS101 EDGE CAP-CORNER LOOSE.,客户要求/CUSTOMER REQUIREMENT,1,机上,200,500007867606.0,,,CMM25-25-02.REV.1,,,,CABIN RH 2# DOOR FWD STOWAGE DOOR MS101 EDGE TRIM LOOSE.,
DEF-111,,GALLEY M1 FWD CLOSET COMPARTMENT DOOR M124-125 LATCH SCREW MISSING.,客户要求/CUSTOMER REQUIREMENT,1,机上,200,,,,CMM25-25-02.REV.1,,,,,
DEF-112,,GALLEY M1 FWD CLOSET COMPARTMENT M124-125 INSIDE WIRE COVER BROKEN.,客户要求/CUSTOMER REQUIREMENT,1,机上,200,,,,CMM25-25-02.REV.1,,,,,
DEF-113,,GALLEY M1 FWD BUSTLE COMPARTMENT M121 INSIDE STOPPER-DOOR WORN.,客户要求/CUSTOMER REQUIREMENT,1,机上,200,500007634875.0,,,CMM25-25-02.REV.1,,,,GALLEY M1 COMPARTMENT DOOR HANDLE WORN,
DEF-114,,GALLEY M1 FWD BUSTLE COMPARTMENT DOOR M121 HINGE BUMPER MISSING.,客户要求/CUSTOMER REQUIREMENT,1,机上,200,500007297992.0,,,CMM25-25-02.REV.1,,,,GALLEY DOOR A303 BUMPER MISSING.,
DEF-115,,CABIN 5# DOOR MIDDLE CLOSET COMPARTMENT DOOR C505-C506 LATCH FAILED.,客户要求/CUSTOMER REQUIREMENT,1,机上,200,,,,CMM25-25-02.REV.1,,,,,
DEF-116,,CABIN 5# DOOR MIDDLE CLOSET COMPARTMENT DOOR C505-C506 EDGE TRIM LOOSE.,客户要求/CUSTOMER REQUIREMENT,1,机上,200,,,,CMM25-25-02.REV.1,,,,,
DEF-117,,CABIN 5# DOOR MIDDLE CLOSET COMPARTMENT C504 INSIDE LIGHT SWITCH BUMPER MISSING.,客户要求/CUSTOMER REQUIREMENT,1,机上,200,500007413195.0,,,CMM25-25-02.REV.1,,,,CABIN CLOSET DOOR MS503 INSIDE LATCH PANEL SCREW MISSING,
DEF-118,,CABIN 5# DOOR MIDDLE CLOSET EDGE VERTICAL TRIM WORN.,客户要求/CUSTOMER REQUIREMENT,1,机上,200,,,,CMM25-25-02.REV.1,,,,,
DEF-119,,GALLEY A1 A2 A3 WORKTOP LOWER AREA BRUSH SEAL BROKEN.,客户要求/CUSTOMER REQUIREMENT,1,机上,200,,,,CMM25-25-02.REV.1,,,,,
DEF-120,,GALLEY M5 WORKTOP SINK SCREEN DEFORMATION.,客户要求/CUSTOMER REQUIREMENT,1,机上,200,,,,CMM25-25-02.REV.1,,,,,
DEF-121,,GALLEY M5 COMPARTMENT DOOR M514 MIRROR DENT.,客户要求/CUSTOMER REQUIREMENT,1,机上,200,,,,CMM25-25-02.REV.1,,,,,
DEF-122,,"GALLEY M5 TROLLEY DOOR SURFACE WALLPAPER WORN,LOC:M516,M515,M514,M520,M512B,M522,M523",客户要求/CUSTOMER REQUIREMENT,1,机上,200,500007578684.0,,,CMM25-25-02.REV.1,,,,"GALLEY M5 WORK SURFACE DOOR WALLPAPER WORN,LOC:M501B M507A M514 M515 M516 M506B M511A M508 M519 M520 M521 M522 M523",
DEF-123,,GALLEY M2 LH/RH SIDE WALL PANEL REAR VERTICAL TRIM WORN.,客户要求/CUSTOMER REQUIREMENT,1,机上,200,500007874316.0,,,CMM25-25-02.REV.1,,,,GALLEY M2 AFT WALL PANEL SURFACE VASE SCREW AND WASHER WORN.,
DEF-124,,GALLEY M1 FWD CLOSET COMPARTMENT DOOR M122 SURFACE WALLPAPER WORN.,客户要求/CUSTOMER REQUIREMENT,1,机上,200,,,,CMM25-25-02.REV.1,,,,,
DEF-125,,"GALLEY M1 FWD CLOSET COMPARTMENT DOOR M122 LATCH BROKEN,QTY:2EA.",客户要求/CUSTOMER REQUIREMENT,1,机上,200,,,,CMM25-25-02.REV.1,,,,,
DEF-126,,GALLEY M1 FWD BUSTLE COMPARTMENT M120 INSIDE STOPPER-DOOR LOOSE.,客户要求/CUSTOMER REQUIREMENT,1,机上,200,,,,CMM25-25-02.REV.1,,,,,
DEF-127,,"GALLEY M1 FWD BUSTLE COMPARTMENT DOOR M120 HINGE BUMPER MISSING,QTY:1EA.",客户要求/CUSTOMER REQUIREMENT,1,机上,200,500007297992.0,,,CMM25-25-02.REV.1,,,,GALLEY DOOR A303 BUMPER MISSING.,
DEF-128,,GALLEY F2 COCKPIT SIDE WALL PANEL BUMPER STRIP WORN.,客户要求/CUSTOMER REQUIREMENT,1,机上,200,,,,CMM25-25-02.REV.1,,,,,
DEF-129,,CABIN LH 2# DOOR FWD STOWAGE FWD BUSTLE COMPARTMENT DOOR SURFACE WALLPAPER WORN.,客户要求/CUSTOMER REQUIREMENT,1,机上,200,500007874494.0,,,CMM25-25-02.REV.1,,,,CABIN LH 2# DOOR FWD STOWAGE UPPER DOOR LATCH WORN.,
DEF-130,,GALLEY A2 A3 COMPARTMENT DRAWER DOOR A215 A216 A315 SURFACE KICKSTRIP DENT.,客户要求/CUSTOMER REQUIREMENT,1,机上,200,,,,CMM25-25-02.REV.1,,,,,
DEF-131,,"GALLEY A3 COMPARTMENT A303 LATCH FAILED,QTY:1EA.",客户要求/CUSTOMER REQUIREMENT,1,机上,200,,,,CMM25-25-02.REV.1,,,,,
DEF-132,,GALLEY A2 COMPARTMENT DOOR A219 INNER FACE BROKEN.,客户要求/CUSTOMER REQUIREMENT,1,机上,200,,,,CMM25-25-02.REV.1,,,,,
DEF-133,,"GALLEY A2 COMPARTMENT DOOR A208 HINGE SPRING BROKEN,QTY:2EA.",客户要求/CUSTOMER REQUIREMENT,1,机上,200,500007874608.0,,,CMM25-25-02.REV.1,,,,GALLEY M2 COMPARTMENT DOOR M232 HINGE SPRING BROKEN.,
DEF-134,,"GALLEY A1 WORKTOP EDGE TRIM SCREW MISSING,QTY:20EA.",客户要求/CUSTOMER REQUIREMENT,1,机上,200,,,,CMM25-25-02.REV.1,,,,,
DEF-135,,GALLEY A1 TROLLEY DOOR A122 TOP SEAL BROKEN.,客户要求/CUSTOMER REQUIREMENT,1,机上,200,500007349074.0,,,CMM25-25-02.REV.1,,,,"GALLEY A1 TROLLEY DOOR A122 UPPER SEAL MISSING,QTY:1EA",
DEF-136,,GALLEY A3 COMPARTMENT A320 DIVIDER PANEL LOWER GUIDE PLATE DEFORMATION.,客户要求/CUSTOMER REQUIREMENT,1,机上,200,,,,CMM25-25-02.REV.1,,,,,
DEF-137,,GALLEY A3 AREA CURTAIN STRAP FASTENER MISSING.,客户要求/CUSTOMER REQUIREMENT,1,机上,200,,,,CMM25-25-02.REV.1,,,,,
DEF-138,,"GALLEY A2 COMPARTMENT DOOR A214 MIRROR SCRATCHED,QTY:1EA.",客户要求/CUSTOMER REQUIREMENT,1,机上,200,500007541194.0,,,CMM25-25-02.REV.1,,,,"GALLEY DOOR MIRROR SCRATCHED:F213,M510,A108,A214",
DEF-139,,GALLEY A1 WORKTOP CONNECT PLATE DEFORMATION.,客户要求/CUSTOMER REQUIREMENT,1,机上,200,,,,CMM25-25-02.REV.1,,,,,
DEF-140,,"CABIN A1 GALLEY CIRCUIT BREAKER PANEL PROTECTIVE COVER BROKEN,QTY:1EA",客户要求/CUSTOMER REQUIREMENT,1,机上,200,500007407509.0,,,CMM25-25-02.REV.1,,,,CABIN A1 GALLEY CIRCUIT BREAKER PANEL PROTECTIVE COVER BROKEN,
DEF-141,,"GALLEY A1 A2 A3 LOWER UNIT COOLING DUCT GUIDE DEFORMATION,LOC:A321,A123,A125,A127,A220,A224",客户要求/CUSTOMER REQUIREMENT,1,机上,200,,,,CMM25-25-02.REV.1,,,,,
DEF-142,,GALLEY A1 COMPARTMENT A128 A121 INNER LAMINATED COMPOUND BROKEN.,客户要求/CUSTOMER REQUIREMENT,1,机上,200,,,,CMM25-25-02.REV.1,,,,,
DEF-143,,LH 1# DOOR PARTITION FWD SURFACE WALLPAPER WORN.,客户要求/CUSTOMER REQUIREMENT,1,机上,200,,,,CMM25-25-02.REV.1,,,,,
DEF-144,,"CABIN GALLEY TROLLEY DOOR INNER SURFACE DAMAGED,LOC:M523",客户要求/CUSTOMER REQUIREMENT,1,机上,200,500007582640.0,,,CMM25-25-02.REV.1,,,,"CABIN GALLEY TROLLEY DOOR INNER SURFACE DAMAGED,LOCS:F219 F220 F113 M225 M117 M113 M230 M231 M522 M523 M716 M717 A322 A123 A124 A126 A223 A221",
DEF-145,,"GALLEY M2 TROLLEY DOOR SURFACE WALLPAPER WORN,LOC:M228,M227,M226,M225",客户要求/CUSTOMER REQUIREMENT,1,机上,200,500007578688.0,,,CMM25-25-02.REV.1,,,,"GALLEY M2 WORK SURFACE DOOR WALLPAPER WORN,LOC:M225 M226 M227 M228 M229 M230 M231 M209 M210 M213 M218 M219 M224 M221",
DEF-146,,"CABIN M2 GALLEY TROLLEY DOOR BLACK HANDLE BROKEN,LOC:M231,M230,M229,M226,M225",客户要求/CUSTOMER REQUIREMENT,1,机上,200,500007865909.0,,,CMM25-25-02.REV.1,,,,"CABIN GALLEY TROLLEY DOOR GRIP BROKEN,LOC:M225 M227 M229 M230 M231 M720,QTY:6EA",
DEF-147,,GALLEY M2 TROLLEY DOOR M230 TOP SEAL BROKEN.,客户要求/CUSTOMER REQUIREMENT,1,机上,200,,,,CMM25-25-02.REV.1,,,,,
DEF-148,,"GALLEY M1 TROLLEY DOOR SURFACE WALLPAPER WORN,LOC:M118,M116,M115",客户要求/CUSTOMER REQUIREMENT,1,机上,200,500007578686.0,,,CMM25-25-02.REV.1,,,,"GALLEY M1 WORK SURFACE DOOR WALLPAPER WORN,LOC:M113A M115 M116 M117 M118 M108 M107 M110",
DEF-149,,"CABIN M1 GALLEY TROLLEY DOOR BLACK HANDLE BROKEN,LOC:M115,M116,M117",客户要求/CUSTOMER REQUIREMENT,1,机上,200,500007350924.0,,,CMM25-25-02.REV.1,,,,"CABIN GALLEY TROLLEY COMPARTMENT DOOR HANDLE BROKEN,LOC:M522 M717 M718 M719 M117 M521 M519 M720 A122 A123 M716 A125 A320 A321 M523 A221 A222 A121 A220 F113 F114 A126 A127 M226 M227 A223 A224 M115 M116 M237 F220 M225 M229 M228 F219",
DEF-150,,"CABIN GALLEY TROLLEY DOOR INNER SURFACE DAMAGED,LOC:M117",客户要求/CUSTOMER REQUIREMENT,1,机上,200,500007582640.0,,,CMM25-25-02.REV.1,,,,"CABIN GALLEY TROLLEY DOOR INNER SURFACE DAMAGED,LOCS:F219 F220 F113 M225 M117 M113 M230 M231 M522 M523 M716 M717 A322 A123 A124 A126 A223 A221",
DEF-151,,"CABIN F2 GALLEY TROLLEY DOOR BLACK HANDLE BROKEN,LOC:F219,F220",客户要求/CUSTOMER REQUIREMENT,1,机上,200,500007483861.0,,,CMM25-25-02.REV.1,,,,"CABIN GALLEY TROLLEY DOOR HANDLE BROKEN,LOC:F217 F221 F219 F220 M528 A124 A223 A224 A125 A221 A320 A321 M718 M719 F115 A126 A127 M720 A122 A123 M717 M524 M525 M519 M520 M713 F215 A216 M709 M712,QTY:30EA",
DEF-152,,CABIN FWD/MID/AFT ZONE GALLEY COMPARTMENT DOOR LATCH SCREW AND WASHER WORN.,客户要求/CUSTOMER REQUIREMENT,1,机上,200,500007463722.0,,,CMM25-25-02.REV.1,,,,CABIN GALLEY M1 DOOR HANDLE WORN,
DEF-153,,"GALLEY M7 TROLLEY DOOR SURFACE WALLPAPER WORN,LOC:M713,M714,M715,M718,M719,M720,M712",客户要求/CUSTOMER REQUIREMENT,1,机上,200,500007578685.0,,,CMM25-25-02.REV.1,,,,"GALLEY M7 WORK SURFACE DOOR WALLPAPER WORN,LOC:M716 M717 M720 M718 M719 M707 M715 M714 M713 M709 M712",
DEF-154,,GALLEY M2 COMPARTMENT DOOR M209 MIRROR SCRATCHED.,客户要求/CUSTOMER REQUIREMENT,1,机上,200,500007874753.0,,,CMM25-25-02.REV.1,,,,"GALLEY COMPARTMENT DOOR SURFACE MIRROR SCRATCHED,LOC:F211 M209 M213 M514 A315 A108 A214",
DEF-155,,"CABIN M2 COMPARTMENT DRAWER DOOR HANDLE BROKEN,LOC:M218,M219,M221,M224",客户要求/CUSTOMER REQUIREMENT,1,机上,200,,,,CMM25-25-02.REV.1,,,,,
DEF-156,,GALLEY M2 COMPARTMENT DOOR M213 MIRROR SCRATCHED.,客户要求/CUSTOMER REQUIREMENT,1,机上,200,500007874753.0,,,CMM25-25-02.REV.1,,,,"GALLEY COMPARTMENT DOOR SURFACE MIRROR SCRATCHED,LOC:F211 M209 M213 M514 A315 A108 A214",
DEF-157,,"GALLEY M2 COMPARTMENT DRAWER DOOR EDGE TRIM BROKEN,LOC:M218,M219",客户要求/CUSTOMER REQUIREMENT,1,机上,200,500007876640.0,,,CMM25-25-02.REV.1,,,,GALLEY F2 COMPARTMENT DOOR F216 EDGE TRIM BROKEN.,
DEF-158,,GALLEY M1 COMPARTMENT DOOR M108 SURFACE WALLPAPER WORN.,客户要求/CUSTOMER REQUIREMENT,1,机上,200,500007578686.0,,,CMM25-25-02.REV.1,,,,"GALLEY M1 WORK SURFACE DOOR WALLPAPER WORN,LOC:M113A M115 M116 M117 M118 M108 M107 M110",
DEF-159,,CABIN 5# DOOR MIDDLE CLOSET COMPARTMENT DOOR C503 LATCH SCREW MISSING.,客户要求/CUSTOMER REQUIREMENT,1,机上,200,500007413195.0,,,CMM25-25-02.REV.1,,,,CABIN CLOSET DOOR MS503 INSIDE LATCH PANEL SCREW MISSING,
DEF-160,,GALLEY F2 COMPARTMENT DOOR F211 MIRROR SCRATCHED.,客户要求/CUSTOMER REQUIREMENT,1,机上,200,500007874753.0,,,CMM25-25-02.REV.1,,,,"GALLEY COMPARTMENT DOOR SURFACE MIRROR SCRATCHED,LOC:F211 M209 M213 M514 A315 A108 A214",
DEF-161,,"CABIN R5 CTR BUSTLE DOOR LATCH SCREW MISSING,QTY:3EA",客户要求/CUSTOMER REQUIREMENT,1,机上,200,500007479961.0,,,CMM25-25-02.REV.1,,,,"CABIN DOOR 2# CTR-RH DOGHOUSE ASSY PLATE SCREW MISSING,REMARK:2EA",
DEF-162,,"CABIN STOWAGE MS501 SURFACE PLACARD BROKEN,QTY:1EA",客户要求/CUSTOMER REQUIREMENT,1,机上,200,500007293791.0,,,CMM25-25-02.REV.1,,,,"CABIN R2 DOOR OS2 STOWAGE PLACARD BROKEN,QTY:1EA",
DEF-163,,"GALLEY A2 A206  RETRIEVER ASSY BROKEN,QTY:1EA",客户要求/CUSTOMER REQUIREMENT,1,机上,200,,,,CMM25-25-02.REV.1,,,,,
DEF-164,,"GALLEY A3 A321 TROLLEY DOOR UPPER TURN RETAINER FAILED,QTY:2EA",客户要求/CUSTOMER REQUIREMENT,1,机上,200,,,,CMM25-25-02.REV.1,,,,,
DEF-165,,GALLEY A2 A205 MID SHAFT TURN RETAINER FAILED,客户要求/CUSTOMER REQUIREMENT,1,机上,200,500007541463.0,,,CMM25-25-02.REV.1,,,,GALLEY M5 A1 A2 TURN RETAINER FAILED:M502 M506 A201 A103 A205,
DEF-166,,"GALLEY A1 A2 A3 ASSIST HANDLE WORN,QTY:6EA",客户要求/CUSTOMER REQUIREMENT,1,机上,200,500007526632.0,,,CMM25-25-02.REV.1,,,,GALLEY M1 UPPER HANDLE ASSIST WORN,
DEF-167,,"GALLEY F2 F203 ASSIST HANDLE WORN,QTY:1EA",客户要求/CUSTOMER REQUIREMENT,1,机上,200,500007526632.0,,,CMM25-25-02.REV.1,,,,GALLEY M1 UPPER HANDLE ASSIST WORN,
DEF-168,,GALLEY A1 WORKTABLE FAILED.,客户要求/CUSTOMER REQUIREMENT,1,机上,200,,,,CMM25-25-02.REV.1,,,,,
DEF-169,,GALLEY A3 A318 COMPACTOR SURFACE WALLPAPER WORN,客户要求/CUSTOMER REQUIREMENT,1,机上,200,500007860514.0,,,CMM25-25-02.REV.1,,,,"GALLEY A3 WORK SURFACE DOOR WALLPAPER WORN,LOC:A303 A309 A315 A320 A321 A322",
DEF-170,,"GALLEY A3 DRAIN HOSE BROKEN,LOC:A322 AREA.",客户要求/CUSTOMER REQUIREMENT,1,机上,200,,,,CMM25-25-02.REV.1,,,,,
DEF-171,,GALLEY A1 A121 A128 WASTE DOOR LOWER SEAL BROKEN,客户要求/CUSTOMER REQUIREMENT,1,机上,200,500007411867.0,,,CMM25-25-02.REV.1,,,,GALLEY A121 AND A128 WASTE DOOR LOWER SEAL BROKEN,
DEF-172,,"GALLEY A2 A220 DRAIN HOSE BROKEN,QTY:2EA",客户要求/CUSTOMER REQUIREMENT,1,机上,200,500007474974.0,,,CMM25-25-02.REV.1,,,,"A2 GALLEY LOWER DRAIN HOSE BROKEN,QTY:6EA",
DEF-173,,GALLEY M5 M516 DOOR HANDLE BROKEN,客户要求/CUSTOMER REQUIREMENT,1,机上,200,,,,CMM25-25-02.REV.1,,,,,
DEF-174,,GALLEY M7 REAR SURFACE WALLPAPER WORN,客户要求/CUSTOMER REQUIREMENT,1,机上,200,500007578685.0,,,CMM25-25-02.REV.1,,,,"GALLEY M7 WORK SURFACE DOOR WALLPAPER WORN,LOC:M716 M717 M720 M718 M719 M707 M715 M714 M713 M709 M712",
DEF-175,,GALLEY M7 LH SIDE AISLE SURFACE WALLPAPER WORN,客户要求/CUSTOMER REQUIREMENT,1,机上,200,500007582708.0,,,CMM25-25-02.REV.1,,,,GALLEY M7 LH AISLE SURFACE WALLPAPER SCRATCHED,
DEF-176,,GALLEY M7 RH SIDE AISLE SURFACE WALLPAPER WORN,客户要求/CUSTOMER REQUIREMENT,1,机上,200,500007582708.0,,,CMM25-25-02.REV.1,,,,GALLEY M7 LH AISLE SURFACE WALLPAPER SCRATCHED,
DEF-177,,GALLEY M5 RH SIDE CURTAIN WASHER MISSING,客户要求/CUSTOMER REQUIREMENT,1,机上,200,,,,CMM25-25-02.REV.1,,,,,
DEF-178,,GALLEY M7 M720 DRAIN HOSE DEFORMED,客户要求/CUSTOMER REQUIREMENT,1,机上,200,,,,CMM25-25-02.REV.1,,,,,
DEF-179,,GALLEY M7 M720 DOOR HINGE BROKEN,客户要求/CUSTOMER REQUIREMENT,1,机上,200,500007287040.0,,,CMM25-25-02.REV.1,,,,"GALLEY M7 DOOR M720 HINGE BROKEN,QTY:1EA",
DEF-180,,"GALLEY TROLLEY DOOR HINGE SCREW AND WASHER MISSING,QTY:100EA",客户要求/CUSTOMER REQUIREMENT,1,机上,200,500007351484.0,,,CMM25-25-02.REV.1,,,,GALLEY TROLLEY DOOR HINGE SCREW AND WASHER MISSING QTY:116EA,
DEF-181,,"GALLEY M7 M703 RETRIEVER ASSY MISSING,QTY:1EA",客户要求/CUSTOMER REQUIREMENT,1,机上,200,,,,CMM25-25-02.REV.1,,,,,
DEF-182,,GALLEY M7 LH FOOT STEP ASSY FAILED,客户要求/CUSTOMER REQUIREMENT,1,机上,200,,,,CMM25-25-02.REV.1,,,,,
DEF-183,,GALLEY M5 M521 FOOT STEP ASSY FAILED,客户要求/CUSTOMER REQUIREMENT,1,机上,200,,,,CMM25-25-02.REV.1,,,,,
DEF-184,,"GALLEY M5 M505 M501 RETRIEVER ASSY BROKEN,QTY:2EA",客户要求/CUSTOMER REQUIREMENT,1,机上,200,,,,CMM25-25-02.REV.1,,,,,
DEF-185,,GALLEY M5 M521 LH AND RH TURN RETAINER FAILED,客户要求/CUSTOMER REQUIREMENT,1,机上,200,,,,CMM25-25-02.REV.1,,,,,
DEF-186,,GALLEY M7 M717 LH TURN RETAINER FAILED,客户要求/CUSTOMER REQUIREMENT,1,机上,200,,,,CMM25-25-02.REV.1,,,,,
DEF-187,,GALLEY M7 M703 SHAFT TURN RETAINER FAILED,客户要求/CUSTOMER REQUIREMENT,1,机上,200,,,,CMM25-25-02.REV.1,,,,,
DEF-188,,GALLEY M1 RH SIDE AISLE SURFACE WALLPAPER WORN,客户要求/CUSTOMER REQUIREMENT,1,机上,200,500007874641.0,,,CMM25-25-02.REV.1,,,,GALLEY M1 RH SIDE WALL PANEL SURFACE WALLPAPER BROKEN.,
DEF-189,,GALLEY M1 LEFT SIDE AISLE SURFACE BUMPER WORN,客户要求/CUSTOMER REQUIREMENT,1,机上,200,500007634856.0,,,CMM25-25-02.REV.1,,,,GALLEY M1 SURFACE BUMPER WORN,
DEF-190,,GALLEY M1 LH SIDE AISLE SURFACE WALLPAPER WORN,客户要求/CUSTOMER REQUIREMENT,1,机上,200,500007582718.0,,,CMM25-25-02.REV.1,,,,GALLEY M1 LH AISLE SURFACE WALLPAPER SCRATCHED,
DEF-191,,"GALLEY M1 M119 REAR DOOR LATCH FAILED,QTY:3EA",客户要求/CUSTOMER REQUIREMENT,1,机上,200,500007287128.0,,,CMM25-25-02.REV.1,,,,"GALLEY A315 DOOR LATCH FAILED,QTY:1EA",
DEF-192,,"GALLEY M1 TRASH COMPACTOR LANYARD AND O-RING LOOSE,LOC:M114",客户要求/CUSTOMER REQUIREMENT,1,机上,200,,,,CMM25-25-02.REV.1,,,,,
DEF-193,,"CABIN CLOSET LIGHT INOP,LOC:MS501,QTY:5EA",客户要求/CUSTOMER REQUIREMENT,1,机上,200,500007644252.0,,,CMM25-25-02.REV.1,,,,"CABIN CLOSET LIGHT INOP,LOC:MS501,QTY:1EA",
DEF-194,,CABIN DOGHOUSE 10# SURFACE WALLPAPER WORN,客户要求/CUSTOMER REQUIREMENT,1,机上,200,,,,CMM25-25-02.REV.1,,,,,
DEF-195,,"GALLEY M7 REAR SURFACE LH AND RH vertical PLASTIC trim SCRATCHED,QTY:2EA",客户要求/CUSTOMER REQUIREMENT,1,机上,200,,,,CMM25-25-02.REV.1,,,,,
DEF-196,,"CABIN DOGHOUSE SEAL INSERT COUPLER MISSING,LOC:5# 7# 8# 9# 12#",客户要求/CUSTOMER REQUIREMENT,1,机上,200,500007648240.0,,,CMM25-25-02.REV.1,,,,CABIN #9 DOGHOUSE REAR SEAL MISSING,
DEF-197,,"CABIN DOGHOUSE BACK SIDE CORNER SEAL MISSING,LOC: 7# 9# 12#",客户要求/CUSTOMER REQUIREMENT,1,机上,200,500007648240.0,,,CMM25-25-02.REV.1,,,,CABIN #9 DOGHOUSE REAR SEAL MISSING,
DEF-198,,GALLEY A2 COMPARTMENT DOOR A207 EDGE TRIM BROKEN.,客户要求/CUSTOMER REQUIREMENT,1,机上,200,500007876640.0,,,CMM25-25-02.REV.1,,,,GALLEY F2 COMPARTMENT DOOR F216 EDGE TRIM BROKEN.,
DEF-199,,"GALLEY F1 OVEN INSTALLATION BLOCK CORROSION,LOC:F106,F107",客户要求/CUSTOMER REQUIREMENT,1,机上,200,,,,CMM25-25-02.REV.1,,,,,
DEF-200,,"GALLEY M1 OVEN INSTALLATION BLOCK CORROSION,LOC:M111,M112",客户要求/CUSTOMER REQUIREMENT,1,机上,200,,,,CMM25-25-02.REV.1,,,,,
DEF-201,,"GALLEY M7 OVEN INSTALLATION BLOCK CORROSION,LOC:M710,M711",客户要求/CUSTOMER REQUIREMENT,1,机上,200,,,,CMM25-25-02.REV.1,,,,,
DEF-202,,"GALLEY M1 TABLET HOLDER BROKEN,QTY:1EA.",客户要求/CUSTOMER REQUIREMENT,1,机上,200,,,,CMM25-25-02.REV.1,,,,,
DEF-203,,GALLEY F2 WORKTOP WATER PERFORATED  COVER DEFORMED.,客户要求/CUSTOMER REQUIREMENT,1,机上,200,,,,CMM25-25-02.REV.1,,,,,
DEF-204,,GALLEY M1 WORKTABLE FAILED.,客户要求/CUSTOMER REQUIREMENT,1,机上,200,,,,CMM25-25-02.REV.1,,,,,
DEF-205,,GALLEY M2 COMPARTMENT M231 RH SIDE SECTION FOOT STEP FAILED.,客户要求/CUSTOMER REQUIREMENT,1,机上,200,,,,CMM25-25-02.REV.1,,,,,
DEF-206,,GALLEY M2 M207 MID SHAFT TURN RETAINER FAILED,客户要求/CUSTOMER REQUIREMENT,1,机上,200,,,,CMM25-25-02.REV.1,,,,,
DEF-207,,GALLEY M2 COMPARTMENT M231 DOOR TURN-RETAINER FAILED. QTY:2EA,客户要求/CUSTOMER REQUIREMENT,1,机上,200,,,,CMM25-25-02.REV.1,,,,,
DEF-208,,GALLEY M2 RH SIDEWALL PANEL SURFACE WALLPAPER WORN.,客户要求/CUSTOMER REQUIREMENT,1,机上,200,,,,CMM25-25-02.REV.1,,,,,
DEF-209,,GALLEY M2 AFT SURFACE VERTICAL PLASTIC TRIM BROKEN.,客户要求/CUSTOMER REQUIREMENT,1,机上,200,,,,CMM25-25-02.REV.1,,,,,
DEF-210,,GALLEY M2 AFT AISLE SURFACE UPPER AND LOWER WALLPAPER WORN,客户要求/CUSTOMER REQUIREMENT,1,机上,200,500007874649.0,,,CMM25-25-02.REV.1,,,,GALLEY M2 AFT WALL PANEL SURFACE UPPER/LOWER WALLPAPER HAVE DENT.,
DEF-211,,GALLEY M5 RH SIDEWALL PANEL SURFACE WALLPAPER WORN.,客户要求/CUSTOMER REQUIREMENT,1,机上,200,,,,CMM25-25-02.REV.1,,,,,
DEF-212,,GALLEY TROLLEY COMPARTMENT DOOR SURFACE FOLDING TABLE SIDE WHITE BUMPER WORN. LOC:A222、A320、M117、M717、M521、M115、F216,客户要求/CUSTOMER REQUIREMENT,1,机上,200,,,,CMM25-25-02.REV.1,,,,,
DEF-213,,GALLEY TROLLEY COMPARTMENT DOOR SURFACE FOLDING TABLE STRUCTURE LOWER ANGLE PLATE BROKEN.LOC:A222,客户要求/CUSTOMER REQUIREMENT,1,机上,200,500007644621.0,,,CMM25-25-02.REV.1,,,,"THE METAL STRIP AT THE HINGE OF GALLEY TROLLEY CABINET DOOR BROKEN:A222,A223,F221",
DEF-214,,"GALLEY A3 FOLDING TABLE HINGE BLOCK SUPPORT BROKEN,LOC:A320",客户要求/CUSTOMER REQUIREMENT,1,机上,200,,,,CMM25-25-02.REV.1,,,,,
DEF-215,,GALLEY TROLLEY COMPARTMENT DOOR SURFACE FOLDING TABLE SURFACE LEATHER WORN. LOC:A320 A222 M717,客户要求/CUSTOMER REQUIREMENT,1,机上,200,500007524902.0,,,CMM25-25-02.REV.1,,,,GALLEY TROLLEY DOOR BUMPER WORN,
DEF-216,,GALLEY F1 WORKTOP LH SIDE CONNECT PLATE DEFORMATION.,客户要求/CUSTOMER REQUIREMENT,1,机上,200,,,,CMM25-25-02.REV.1,,,,,
DEF-217,,GALLEY A2 A222 TROLLEY DOOR FOLDING SEAT BUMPER PLATE MISSING.,客户要求/CUSTOMER REQUIREMENT,1,机上,200,500007874886.0,,,CMM25-25-02.REV.1,,,,"GALLEY TROLLEY DOOR FOLDING SEAT SIDE BUMPER MISSING,LOC:A322.A220",
DEF-218,,"CABIN GALLEY TROLLEY DOOR HINGE BROKEN,LOC:M716 M113A M229 M718 A223 M519 A123 M521 M720 M225 M231,QTY:11EA",客户要求/CUSTOMER REQUIREMENT,1,机上,200,500007350924.0,,,CMM25-25-02.REV.1,,,,"CABIN GALLEY TROLLEY COMPARTMENT DOOR HANDLE BROKEN,LOC:M522 M717 M718 M719 M117 M521 M519 M720 A122 A123 M716 A125 A320 A321 M523 A221 A222 A121 A220 F113 F114 A126 A127 M226 M227 A223 A224 M115 M116 M237 F220 M225 M229 M228 F219",
DEF-219,,CABIN RH 2# DOOR FWD STOWAGE MS1 LOWER FLOOR SEAL AND THRESHOLD BROKEN.,客户要求/CUSTOMER REQUIREMENT,1,机上,200,,,,CMM25-25-02.REV.1,,,,,
DEF-220,,CABIN #2 DOOR RH SIDE CLOSET MS1 AFT WALL SURFACE WALLPAPER WORN,客户要求/CUSTOMER REQUIREMENT,1,机上,200,,,,CMM25-25-02.REV.1,,,,,
DEF-221,,GALLEY A2 COMPARTMENT DRAWER A215 RAIL BROKEN.,客户要求/CUSTOMER REQUIREMENT,1,机上,200,,,,CMM25-25-02.REV.1,,,,,
DEF-222,,GALLEY M2 M7 RH SIDE WALL PANEL FRONT EXTRUSION LOWER PLATE MISSING.,客户要求/CUSTOMER REQUIREMENT,1,机上,200,,,,CMM25-25-02.REV.1,,,,,
DEF-223,,GALLEY M5 TURN RETAINER KNOB COTTOR PIN BROKEN.,客户要求/CUSTOMER REQUIREMENT,1,机上,200,,,,CMM25-25-02.REV.1,,,,,
DEF-224,,"GALLEY M2 A2 TURN RETAINER FAILED,LOC:M212(R) A212(R),QTY:2EA.",客户要求/CUSTOMER REQUIREMENT,1,机上,200,,,,CMM25-25-02.REV.1,,,,,
DEF-225,,"CABIN GALLEY A3 LOWER FITTING BOLT AND WASHER MISSING,LOC:A319",客户要求/CUSTOMER REQUIREMENT,1,机上,200,500007876562.0,,,CMM25-25-02.REV.1,,,,"CABIN GALLEY A3 LOWER FITTING BOLT AND WASHER MISSING,LOC:A320,QTY:2EA",
DEF-226,,"GALLEY TROLLEY DOOR HINGE P-SEAL BROKEN,LOC:A123,M716,M523,M115,M229,M519,A125,M228",客户要求/CUSTOMER REQUIREMENT,1,机上,200,500007355707.0,,,CMM25-25-02.REV.1,,,,GALLEY A123 DOOR HINGE EXTRUSION BROKEN,
DEF-227,,"CABIN GALLEY COMPARTMENT DOOR SURFACE WALLPAPER WORN,LOC:F215,M218,M219,M224,M221,F305,M110,M210,M108,F109,F221,F221,M209,F221BC,F222",客户要求/CUSTOMER REQUIREMENT,1,机上,200,500007463722.0,,,CMM25-25-02.REV.1,,,,CABIN GALLEY M1 DOOR HANDLE WORN,
DEF-228,,"CABIN GALLEY COMPARTMENT DOOR SURFACE WALLPAPER WORN,LOC:M229,M230,M519,F219,M113,M226,M227,M225,F220,M228,M231,M521,M716,M716,M117",客户要求/CUSTOMER REQUIREMENT,1,机上,200,500007463722.0,,,CMM25-25-02.REV.1,,,,CABIN GALLEY M1 DOOR HANDLE WORN,
DEF-229,,GALLEY A1 A2 A3 DIVIDER PANEL LOWER FITTING BOLT AND WASHER RUST.,客户要求/CUSTOMER REQUIREMENT,1,机上,200,,,,CMM25-25-02.REV.1,,,,,
DEF-230,,"CABIN A1 GALLEY COMPARTMENT A125 DIVIDER PANEL LOWER FITTING CORROSION,QTY:1EA.",客户要求/CUSTOMER REQUIREMENT,1,机上,200,500007592049.0,,,CMM25-25-02.REV.1,,,,"CABIN A1 GALLEY COMPARTMENT A124 DIVIDER PANEL LOWER FITTING BROKEN,QTY:1EA.",
DEF-231,,"CABIN GALLEY COMPARTMENT DOOR EDGE TRIM BROKEN,LOC:A207,M218,F215,A213,M219,M210",客户要求/CUSTOMER REQUIREMENT,1,机上,200,500007886846.0,,,CMM25-25-02.REV.1,,,,"CABIN GALLEY M2 COMPARTMENT M218 LOWER TRIM INSERT BROKEN,QTY:1EA.",
DEF-232,,GALLEY A1 COMPARTMENT DOOR A111 SURFACE PLACARD BROKEN.,客户要求/CUSTOMER REQUIREMENT,1,机上,200,500007541182.0,,,CMM25-25-02.REV.1,,,,GALLEY M2 COMPARTMENT INSIDE SURFACE BROKEN,
DEF-233,,CABIN RH 2# DOOR FWD STOWAGE OUTBD SEAL RETAINER LOOSE.,客户要求/CUSTOMER REQUIREMENT,1,机上,200,500007867606.0,,,CMM25-25-02.REV.1,,,,CABIN RH 2# DOOR FWD STOWAGE DOOR MS101 EDGE TRIM LOOSE.,
DEF-234,,"GALLEY A1 A2 A3 TROLLEY DOOR A224,A223,A222,A221,A127,A125,A322,A321 HANDLE BROKEN.",客户要求/CUSTOMER REQUIREMENT,1,机上,200,,,,CMM25-25-02.REV.1,,,,,
DEF-235,,"GALLEY M7 TROLLEY DOOR M720,M719,M716 HANDLE BROKEN.",客户要求/CUSTOMER REQUIREMENT,1,机上,200,500007541193.0,,,CMM25-25-02.REV.1,,,,"GALLEY TROLLEY DOOR HINGE BROKEN:F217,F221,F114,M523,M525,M528,M720",
DEF-236,,"GALLEY M5 TROLLEY DOOR M519,M519,M522 HANDLE BROKEN.",客户要求/CUSTOMER REQUIREMENT,1,机上,200,,,,CMM25-25-02.REV.1,,,,,
DEF-237,,GALLEY M5 TROLLEY DOOR M521 TOP SEAL BROKEN.,客户要求/CUSTOMER REQUIREMENT,1,机上,200,500007879423.0,,,CMM25-25-02.REV.1,,,,"GALLEY TROLLEY DOOR HINGE SIDE WHITE RUBBER SEAL BROKEN,LOC:F217 F220 M115 M118 M225 M227 M228 M522 M521 M716 M718 A223 A222 A220 A320",
DEF-238,,CABIN RH 2# DOOR FWD STOWAGE COMPARTMENT DOOR MS111 HINGE SIDE LOWER CORNER CAP MISSING.,客户要求/CUSTOMER REQUIREMENT,1,机上,200,500007867446.0,,,CMM25-25-02.REV.1,,,,CABIN RH 2# DOOR FWD STOWAGE COMPARTMENT MS102 DOORFRAME TRIM MISSING.,
DEF-239,,CABIN FWD BAR AISLE DOOR SURFACE WALLPAPER WORN,客户要求/CUSTOMER REQUIREMENT,1,机上,200,,,,CMM25-25-02.REV.1,,,,,
DEF-240,,CABIN FWD BAR CABINET DOOR HINGE LOOSE,客户要求/CUSTOMER REQUIREMENT,1,机上,200,500007348485.0,,,CMM25-25-02.REV.1,,,,CABIN FWD BAR LH FACE UPPER CABINET DOOR LATCH LOOSE.,
